subj_idx,TIR_friend_mismatch,TIR_friend_match,TIR_stranger_mismatch,TIR_stranger_match,TIR_self_mismatch,TIR_self_match,TR_friend_mismatch,TR_friend_match,TR_stranger_mismatch,TR_stranger_match,TR_self_mismatch,TR_self_match
123,800.6666667,729.0615385,806.9677419,774.4754098,797.421875,715.9090909,986.3103448,854.5820896,998.7959184,898.5076923,1018.625,781.4202899
124,790.6666667,719.0615385,796.9677419,764.4754098,787.421875,705.9090909,976.3103448,844.5820896,988.7959184,888.5076923,1008.625,771.4202899
125,810.6666667,739.0615385,816.9677419,784.4754098,807.421875,725.9090909,996.3103448,864.5820896,1008.795918,908.5076923,1028.625,791.4202899
126,815.6666667,744.0615385,821.9677419,789.4754098,812.421875,730.9090909,1001.310345,869.5820896,1013.795918,913.5076923,1033.625,796.4202899
127,786.6666667,715.0615385,792.9677419,760.4754098,783.421875,701.9090909,972.3103448,840.5820896,984.7959184,884.5076923,1004.625,767.4202899
128,821.6666667,750.0615385,827.9677419,795.4754098,818.421875,736.9090909,1007.310345,875.5820896,1019.795918,919.5076923,1039.625,802.4202899
129,780.6666667,709.0615385,786.9677419,754.4754098,777.421875,695.9090909,966.3103448,834.5820896,978.7959184,878.5076923,998.625,761.4202899
