"subj_idx","TIR_friend_mismatch","TIR_friend_match","TIR_stranger_mismatch","TIR_stranger_match","TIR_self_mismatch","TIR_self_match","TR_friend_mismatch","TR_friend_match","TR_stranger_mismatch","TR_stranger_match","TR_self_mismatch","TR_self_match"
123,0.875,0.9027777777777778,0.8611111111111112,0.8472222222222222,0.8888888888888888,0.9166666666666666,0.8055555555555556,0.9305555555555556,0.6805555555555556,0.9027777777777778,0.7777777777777778,0.9583333333333334
