"subj_idx","gender","year","material","condition","朋友","生人","自我"
17,1,"2001",2,"classify_friend",462.26190476190476,487.3529411764706,523.6117647058824
18,1,"2002",2,"classify_friend",628.8,652.6896551724138,711.5357142857143
19,1,"2000",2,"classify_friend",712.3,695.6941176470589,740.5348837209302
20,1,"2001",2,"classify_friend",607.4831460674158,681.816091954023,642.5402298850574
