"subj_idx","gender","year","material","condition","朋友","生人","自我"
13,1,"2001",2,"classify_self",774.8625,769.1931818181819,750.43678160919535
14,1,"1999",2,"classify_self",688.0864197530864,705.4404761904761,656.0459770114943
15,0,"2001",2,"classify_self",884.2073170731708,813,806.6265060240963
16,1,"2001",2,"classify_self",860.1341463414634,855.1204819277109,725.3181818181819
