"subj_idx","gender","year","material","condition","朋友","生人","自我"
21,1,"1997",2,"classify_stranger",695.6404494382023,649.8888888888889,655.8181818181819
22,0,"2005",2,"classify_stranger",730.2111111111111,634.3033707865169,707.7333333333333
23,0,"2001",2,"classify_stranger",596.1666666666666,626.964705882353,564.9638554216867
24,1,"2001",2,"classify_stranger",516.551724137931,484.1190476190476,531.3333333333334
